{"cameraMode":{"drawMode":0,"name":"Shaded","section":"Shading Mode"},"sceneLighting":true,"audioPlay":false,"sceneViewState":{"showFog":true,"showMaterialUpdate":true,"showSkybox":true,"showFlares":true,"showImageEffects":true,"showParticleSystems":true},"in2DMode":false,"pivot":{"x":11.453643798828125,"y":4.849761962890625,"z":-2.244832992553711},"rotation":{"x":-0.005494893528521061,"y":0.9638846516609192,"z":0.01994597353041172,"w":0.26551902294158938},"size":10.0,"orthographic":false}