{"cameraMode":{"drawMode":0,"name":"Shaded","section":"Shading Mode"},"sceneLighting":false,"audioPlay":false,"sceneViewState":{"showFog":true,"showMaterialUpdate":true,"showSkybox":false,"showFlares":true,"showImageEffects":true,"showParticleSystems":true},"in2DMode":false,"pivot":{"x":10.656341552734375,"y":248.62367248535157,"z":-128.8626708984375},"rotation":{"x":-0.008157888427376747,"y":0.9903528690338135,"z":0.06664254516363144,"w":0.12122589349746704},"size":769.5484008789063,"orthographic":false}